Patient,Treatment,Outcome
2,Lithium,Relapsed
5,Lithium,CocaineFree
6,Lithium,Relapsed
8,Lithium,Relapsed
9,Lithium,Relapsed
11,Lithium,Relapsed
13,Lithium,Relapsed
16,Lithium,Relapsed
23,Lithium,Relapsed
24,Lithium,Relapsed
25,Lithium,Relapsed
26,Lithium,Relapsed
29,Lithium,CocaineFree
32,Lithium,CocaineFree
33,Lithium,Relapsed
35,Lithium,CocaineFree
37,Lithium,Relapsed
39,Lithium,Relapsed
41,Lithium,CocaineFree
58,Lithium,Relapsed
59,Lithium,Relapsed
62,Lithium,CocaineFree
64,Lithium,Relapsed
66,Lithium,Relapsed
1,Placebo,Relapsed
4,Placebo,Relapsed
7,Placebo,Relapsed
14,Placebo,Relapsed
15,Placebo,Relapsed
17,Placebo,CocaineFree
21,Placebo,Relapsed
22,Placebo,Relapsed
27,Placebo,Relapsed
30,Placebo,Relapsed
31,Placebo,Relapsed
34,Placebo,Relapsed
42,Placebo,Relapsed
45,Placebo,Relapsed
47,Placebo,CocaineFree
50,Placebo,Relapsed
51,Placebo,CocaineFree
53,Placebo,Relapsed
54,Placebo,Relapsed
55,Placebo,Relapsed
65,Placebo,Relapsed
67,Placebo,Relapsed
70,Placebo,CocaineFree
71,Placebo,Relapsed
