Patient,Treatment,Outcome
3,Desipramine,CocaineFree
10,Desipramine,Relapsed
12,Desipramine,CocaineFree
18,Desipramine,Relapsed
19,Desipramine,CocaineFree
20,Desipramine,CocaineFree
28,Desipramine,Relapsed
36,Desipramine,Relapsed
38,Desipramine,CocaineFree
40,Desipramine,Relapsed
43,Desipramine,CocaineFree
44,Desipramine,CocaineFree
46,Desipramine,CocaineFree
48,Desipramine,Relapsed
49,Desipramine,CocaineFree
52,Desipramine,Relapsed
56,Desipramine,CocaineFree
57,Desipramine,Relapsed
60,Desipramine,CocaineFree
61,Desipramine,Relapsed
63,Desipramine,CocaineFree
68,Desipramine,CocaineFree
69,Desipramine,CocaineFree
72,Desipramine,Relapsed
1,Placebo,Relapsed
4,Placebo,Relapsed
7,Placebo,Relapsed
14,Placebo,Relapsed
15,Placebo,Relapsed
17,Placebo,CocaineFree
21,Placebo,Relapsed
22,Placebo,Relapsed
27,Placebo,Relapsed
30,Placebo,Relapsed
31,Placebo,Relapsed
34,Placebo,Relapsed
42,Placebo,Relapsed
45,Placebo,Relapsed
47,Placebo,CocaineFree
50,Placebo,Relapsed
51,Placebo,CocaineFree
53,Placebo,Relapsed
54,Placebo,Relapsed
55,Placebo,Relapsed
65,Placebo,Relapsed
67,Placebo,Relapsed
70,Placebo,CocaineFree
71,Placebo,Relapsed
